{"ratio": [], "shift": [["belongs to,movies", 0], ["belongs to,season", 0], ["own,movies", 0], ["own,genre", 0], ["play,movies", 0], ["play,actor", 0], ["write,user", 0], ["write,review", 0], ["comment,movies", 0], ["comment,review", 0]], "colors": [["annotation_color", "#d73027"], ["annotation_text_color", "#ffffbf"], ["association_attribute_text_color", "#000000"], ["association_cartouche_color", "#fdae61"], ["association_cartouche_text_color", "#000000"], ["association_color", "#fee090"], ["association_stroke_color", "#f46d43"], ["background_color", "#ffffbf"], ["card_text_color", "#4575b4"], ["entity_attribute_text_color", "#000000"], ["entity_cartouche_color", "#abd9e9"], ["entity_cartouche_text_color", "#000000"], ["entity_color", "#e0f3f8"], ["entity_stroke_color", "#74add1"], ["leg_stroke_color", "#f46d43"], ["transparent_color", "none"]], "cy": [["belongs to", 51], ["season", 51], ["own", 51], ["genre", 51], ["play", 51], ["actor", 51], ["movies", 211], ["user", 405], ["write", 405], ["review", 405], ["comment", 405]], "cx": [["belongs to", 48], ["season", 164], ["own", 261], ["genre", 360], ["play", 472], ["actor", 563], ["movies", 261], ["user", 164], ["write", 261], ["review", 360], ["comment", 472]], "size": [611, 490]}